model,qlike,mse_log,r2_oos_vs_har,n_obs
lstm,0.35015041991649476,0.12882278734550645,0.12547271158576612,25100
lgbm,0.3601253384603889,0.13753236476633843,0.06634681249583552,25100
har,0.40691475738530514,0.14730562333749325,,25100
garch,0.42540040907252036,0.28887040874657766,-0.9610277068971362,25100
naive,0.6375853519138563,0.2310180024369158,-0.5682904508514814,25100
